name,price,location,condition,mileage
Mercedes-Benz E350 Base 4Matic Wagon AWD (3.5L 6cyl 7A) 2011 Purple,"₦ 8,925,000","Lagos State, Magodo",Local Used,125114 km
Mercedes-Benz M Class ML63 AMG 4dr SUV AWD (5.5L 8cyl Turbo 7A) 2014,"₦ 16,548,000","Lagos State, Lekki",Local Used,102757 km
Acura MDX Technology Package AWD (3.7L 6cyl 5A) 2009 Black,"₦ 5,880,000","Lagos State, Lekki",Local Used,123652 km
Toyota Prius 4dr Hatchback (1.8L 4cyl gas/electric hybrid CVT) 2016,"₦ 15,750,000","Abuja (FCT), Wuse",Foreign Used,361341 km
Mercedes-Benz E300 2018 Black,"₦ 24,360,000","Lagos State, Lekki",Local Used,49628 km
Honda Accord LX 4dr Sedan FWD (2.4L 4cyl 2A) 2013 Black,"₦ 8,400,000","Lagos State, Lekki",Local Used,76953 km
Toyota Highlander 2002 Gold,"₦ 4,452,000","Lagos State, Kosofe",Local Used,118454 km
Lexus RX 330 2004 Silver,"₦ 6,825,000","Lagos State, Abule Egba",Local Used,178445 km
Toyota Highlander 2013 Black,"₦ 9,450,000","Lagos State, Ikoyi",Local Used,182405 km
Toyota Camry 2012 White,"₦ 6,300,000","Ondo State, Akure",Local Used,253849 km
Toyota Venza V6 2011 Black,"₦ 11,602,500","Lagos State, Lekki",Local Used,103483 km
Honda Accord 2009 White,"₦ 4,515,000","Lagos State, Ojodu",Local Used,204374 km
Toyota Fortuner 2010 Black,"₦ 15,750,000","Lagos State, Ikoyi",Local Used,195092 km
Lexus NX 2016 Gray,"₦ 21,630,000","Lagos State, Ajah",Local Used,310039 km
Hyundai Sonata 2011 Silver,"₦ 5,586,000","Lagos State, Ilupeju",Local Used,120343 km
Honda Accord 2013 Gold,"₦ 7,455,000","Lagos State, Ajah",Local Used,138717 km
Mercedes-Benz CLA-Class 2014 White,"₦ 10,500,000","Lagos State, Ikorodu",Local Used,15231 km
Toyota Camry 2012 Blue,"₦ 8,946,000","Lagos State, Lekki",Local Used,194842 km
Lexus GS 2008 Red,"₦ 6,760,000","Lagos State, Amuwo-Odofin",Local Used,217915 km
Volkswagen Jetta 2007 Silver,"₦ 3,780,000","Lagos State, Isolo",Local Used,235930 km
Toyota Venza V6 2010 White,"₦ 12,600,000","Lagos State, Lekki",Foreign Used,246461 km
Mercedes-Benz C300 2016 White,"₦ 13,650,000","Abuja (FCT), Wuse",Local Used,118167 km
Toyota Corolla 2009 Green,"₦ 6,825,000","Lagos State, Ikorodu",Local Used,92806 km
Nissan Frontier 2004 Black,"₦ 3,675,000","Lagos State, Lekki",Local Used,225293 km
Toyota Avalon 2005 Black,"₦ 3,780,000","Lagos State, Kosofe",Local Used,127989 km
Mercedes-Benz E400 2018 Red,"₦ 52,211,250","Lagos State, Lekki",Foreign Used,137003 km
Toyota Camry 2004 Gray,"₦ 4,410,000","Lagos State, Alimosho",Local Used,157081 km
Toyota RAV4 2014 Silver,"₦ 12,600,000","Ogun State, Abeokuta North",Local Used,107666 km
Chevrolet Equinox 2010 Black,"₦ 5,775,000","Kaduna State, Kachia",Local Used,142673 km
Mercedes-Benz CLA-Class 2021 White,"₦ 47,250,000","Abuja (FCT), Jabi",Foreign Used,64325 km
Toyota Highlander Hybrid 2006 Silver,"₦ 7,140,000","Lagos State, Alimosho",Local Used,383890 km
Mercedes-Benz GLC-Class 2016 White,"₦ 26,250,000","Lagos State, Ikoyi",Local Used,84710 km
Lexus RX 350 2019 Black,"₦ 33,600,000","Lagos State, Lekki",Foreign Used,79306 km
Honda Accord 2016 White,"₦ 10,185,000","Lagos State, Yaba",Local Used,78508 km
BMW 528i 2012 White,"₦ 9,450,000","Lagos State, Lekki",Local Used,508973 km
Toyota Avalon Limited 2006 Black,"₦ 3,989,998","Lagos State, Lekki",Local Used,483823 km
Acura RDX 2008 Black,"₦ 4,725,000","Lagos State, Ilupeju",Local Used,213888 km
Hyundai Sonata 2016 Gray,"₦ 10,040,625","Lagos State, Lekki",Local Used,181805 km
Dongfeng Nammi 01 2025 Blue,"₦ 39,900,000","Lagos State, Lekki",Foreign Used,151 km
Honda Pilot 2009 Gray,"₦ 6,426,000","Lagos State, Lekki",Local Used,169930 km
Audi A6 2015 Black,"₦ 12,600,000","Lagos State, Lekki",Local Used,62213 km
JAC S2 2018 Silver,"₦ 7,875,000","Lagos State, Ikeja",Local Used,128381 km
Mercedes-Benz C300 2008 Gray,"₦ 6,403,687","Lagos State, Ikeja",Local Used,324994 km
Volvo 240 1983 Red,"₦ 7,350,000","Lagos State, Ikorodu",Local Used,185234 km
Toyota Corolla XLE 4dr Sedan (1.8L 4cyl 4A) 2009 Gray,"₦ 4,725,000","Imo State, Owerri",Local Used,213313 km
Hyundai Sonata Limited 2.0T Sedan (2.0L 4cyl 6A) 2011 Black,"₦ 6,849,937","Lagos State, Ikorodu",Local Used,118033 km
Toyota Corolla 2007 Silver,"₦ 4,935,000","Edo State, Benin City",Local Used,203650 km
Toyota Avalon 2006 Black,"₦ 3,990,000","Lagos State, Yaba",Local Used,274941 km
Toyota Venza 2010 Gray,"₦ 11,025,000","Lagos State, Abule Egba",Local Used,150629 km
Honda Accord 2013 Blue,"₦ 8,925,000","Lagos State, Surulere",Local Used,149020 km
Toyota 4-Runner 2008 Gold,"₦ 7,800,000","Lagos State, Surulere",Local Used,157900 km
Nissan Altima 2008 Blue,"₦ 3,570,000","Lagos State, Ilupeju",Local Used,41761 km
Toyota RAV4 2010 Gray,"₦ 6,825,000","Lagos State, Ikorodu",Local Used,185231 km
Lexus RX 350 2011 Gold,"₦ 15,434,998","Lagos State, Magodo",Foreign Used,202739 km
Mercedes-Benz GL-Class 2008 Black,"₦ 5,985,000","Lagos State, Ikotun/Igando",Local Used,29705 km
Toyota RAV4 2020 Gray,"₦ 26,250,000","Lagos State, Ikoyi",Local Used,80179 km
Toyota Tacoma 2004 Silver,"₦ 5,775,000","Lagos State, Abule Egba",Local Used,228369 km
BMW 550i 2009 Black,"₦ 8,400,000","Lagos State, Lekki",Foreign Used,415177 km
Nissan Sentra 2013 Red,"₦ 4,889,850","Lagos State, Ogudu",Local Used,173574 km
Ford Edge 2011 Silver,"₦ 5,586,000","Lagos State, Ojodu",Local Used,252232 km
Lexus RX 2009 Blue,"₦ 15,288,000","Lagos State, Alimosho",Foreign Used,240222 km
Ford Explorer 2016 Black,"₦ 20,370,000","Lagos State, Ojodu",Foreign Used,202974 km
Lexus ES 2010 Black,"₦ 8,400,000","Abuja (FCT), Garki 2",Local Used,318951 km
Lexus IS 2007 Red,"₦ 10,500,000","Lagos State, Lekki",Foreign Used,136162 km
Hyundai Elantra 2018 White,"₦ 12,476,415","Abuja (FCT), Kubwa",Foreign Used,61802 km
Toyota Corolla 2015 Silver,"₦ 16,640,000","Oyo State, Ibadan",Foreign Used,300613 km
Dongfeng Nammi 01 2025 Blue,"₦ 39,900,000","Lagos State, Lekki",Foreign Used,151 km
Lexus GX 2006 Gold,"₦ 7,875,000","Lagos State, Surulere",Local Used,198164 km
Lexus RX 350 2015 Red,"₦ 27,090,000","Lagos State, Amuwo-Odofin",Foreign Used,129316 km
Lexus RX 350 2014 Red,"₦ 23,625,000","Lagos State, Isolo",Foreign Used,97577 km
Lexus RX 350 2014 Gray,"₦ 29,120,000","Abuja (FCT), Lugbe District",Foreign Used,245514 km
Lexus RX 350 2016 Gold,"₦ 47,840,000","Lagos State, Ikeja",Foreign Used,64258 km
Land Rover Range Rover Velar 2018 Black,"₦ 52,500,000","Lagos State, Lekki",Foreign Used,82206 km
Toyota Corolla 2015 Silver,"₦ 15,600,000","Oyo State, Ibadan",Foreign Used,195309 km
Toyota Camry 2011 Silver,"₦ 12,168,000","Oyo State, Ibadan",Foreign Used,272706 km
Toyota Camry 2008 Black,"₦ 7,280,000","Lagos State, Alimosho",Local Used,135571 km
Jeep Patriot 2015 Red,"₦ 5,250,000","Lagos State, Ikeja",Local Used,156117 km
Toyota Sienna 2007 Gold,"₦ 5,880,000","Abuja (FCT), Gwarinpa",Local Used,202349 km
Toyota 4-Runner 2003 Black,"₦ 4,114,950","Abuja (FCT), Lugbe District",Local Used,96509 km
Toyota Camry 2009 Gray,"₦ 6,069,000","Lagos State, Ikeja",Local Used,185149 km
Toyota RAV4 2006 Gray,"₦ 7,280,000","Lagos State, Ajah",Local Used,353073 km
Ford Explorer 2013 Red,"₦ 9,672,000","Lagos State, Kosofe",Local Used,221807 km
Ford Edge 2012 Silver,"₦ 6,435,450","Abuja (FCT), Kubwa",Local Used,305185 km
Toyota Venza 2010 Black,"₦ 11,287,500","Lagos State, Surulere",Local Used,382749 km
Mercedes-Benz C300 2013 Black,"₦ 9,817,500","Lagos State, Yaba",Local Used,179393 km
Toyota Corolla 2014 Black,"₦ 7,875,000","Abuja (FCT), Lugbe District",Local Used,158715 km
Toyota Camry LE 4dr Sedan (2.5L 4cyl 6AM) 2010 Green,"₦ 6,300,000","Lagos State, Lekki",Local Used,365745 km
Hyundai Santa Fe 2014 Black,"₦ 11,870,250","Lagos State, Lekki",Local Used,87963 km
Ford Edge 2011 Purple,"₦ 5,544,000","Lagos State, Alimosho",Local Used,202056 km
Toyota RAV4 2007 Black,"₦ 5,250,000","Abia State, Aba North",Local Used,207633 km
Toyota Venza 2012 Green,"₦ 18,480,000","Lagos State, Ojodu",Foreign Used,235800 km
Nissan Rogue 2012 Silver,"₦ 12,480,000","Lagos State, Ikeja",Foreign Used,217909 km
Ford Transit 2011 White,"₦ 8,925,000","Oyo State, Ibadan",Foreign Used,107916 km
Hyundai Santa Fe 2016 Blue,"₦ 13,650,000","Lagos State, Mushin",Local Used,135077 km
Lexus ES 2009 White,"₦ 7,434,000","Lagos State, Alimosho",Local Used,133226 km
Ford Escape 2013 Gold,"₦ 9,975,000","Lagos State, Ikotun/Igando",Foreign Used,310811 km
Hyundai Santa Fe 2014 Black,"₦ 13,650,000","Abuja (FCT), Kubwa",Local Used,183624 km
Mercedes-Benz GLK-Class 2013 Black,"₦ 21,525,000","Enugu State, Enugu",Foreign Used,220947 km
Toyota Camry 2013 Silver,"₦ 14,560,000","Oyo State, Ibadan",Foreign Used,234776 km
Lexus RX 350 2018 Blue,"₦ 48,300,000","Edo State, Benin City",Foreign Used,66545 km
Hyundai Tucson 2016 Black,"₦ 14,694,750","Abuja (FCT), Kubwa",Local Used,106046 km
Mercedes-Benz GL-Class 2012 Gray,"₦ 12,272,000","Abuja (FCT), Garki 2",Local Used,147109 km
Acura MDX 2004 Gray,"₦ 6,825,000","Oyo State, Ibadan",Foreign Used,144733 km
Lexus RX 350 2011 Gold,"₦ 15,434,998","Lagos State, Magodo",Foreign Used,202739 km
Dodge Caliber 2010 Blue,"₦ 7,140,000","Lagos State, Abule Egba",Foreign Used,176841 km
Lexus GX 2020 Black,"₦ 13,125,000","Rivers State, Port-Harcourt",Local Used,242640 km
Toyota Corolla 2009 Black,"₦ 7,800,000","Oyo State, Ibadan",Local Used,252437 km
Land Rover Lr3 2006 Black,"₦ 5,250,000","Abuja (FCT), Lugbe District",Local Used,128503 km
Toyota Camry 2014 Black,"₦ 7,875,000","Oyo State, Ibadan",Local Used,229367 km
Hyundai Sonata 2011 Blue,"₦ 6,825,000","Lagos State, Ilupeju",Local Used,69493 km
Lexus IS 2007 Red,"₦ 10,500,000","Lagos State, Lekki",Foreign Used,136162 km
Toyota Sienna LE AWD 2005 Gold,"₦ 4,515,000","Kaduna State, Kaduna / Kaduna State",Local Used,160932 km
Lexus IS 2008 White,"₦ 6,615,000","Enugu State, Enugu",Local Used,121304 km
Honda Odyssey 2007 White,"₦ 3,885,000","Lagos State, Ikorodu",Local Used,203578 km
Mercedes-Benz E350 2012 Silver,"₦ 7,665,000","Enugu State, Enugu",Local Used,223116 km
Acura MDX 2006 Red,"₦ 3,848,000","Lagos State, Abule Egba",Local Used,427366 km
Honda CR-V 2007 Green,"₦ 6,240,000","Lagos State, Lekki",Local Used,261984 km
Lexus ES 2005 Black,"₦ 4,872,000","Lagos State, Alimosho",Local Used,217217 km
Ford Edge 2008 Orange,"₦ 4,095,000","Lagos State, Kosofe",Local Used,139662 km
Acura ZDX Base AWD 2012 Black,"₦ 12,600,000","Lagos State, Ojodu",Local Used,240485 km
Mercedes-Benz E400 2020 Black,"₦ 72,450,000","Lagos State, Lekki",Foreign Used,51011 km
Mercedes-Benz E350 2012 Silver,"₦ 7,665,000","Enugu State, Enugu",Local Used,223116 km
Toyota FJ Cruiser 2007 Burgandy,"₦ 10,290,000","Lagos State, Ojodu",Local Used,168415 km
Mercedes-Benz C230 2008 Black,"₦ 7,875,000","Lagos State, Ajah",Local Used,165261 km
Toyota Corolla 1.8 LE 2008 Silver,"₦ 6,300,000","Lagos State, Lekki",Local Used,233048 km
Nissan Almera 2014 Gray,"₦ 6,300,000","Lagos State, Ogba",Local Used,216369 km
Peugeot 408 2011 Black,"₦ 5,250,000","Abuja (FCT), Jabi",Local Used,186216 km
Mercedes-Benz E350 Base 4dr Sedan RWD (3.5L 6cyl 7A) 2010 White,"₦ 10,500,000","Lagos State, Lekki",Local Used,345377 km
Toyota Camry 2010 Gray,"₦ 6,693,750","Lagos State, Ikeja",Local Used,362230 km
Ford Edge 2009 Black,"₦ 3,990,000","Lagos State, Yaba",Local Used,243019 km
Acura MDX 2008 Gray,"₦ 7,072,000","Abuja (FCT), Wuse",Local Used,164271 km
Toyota Corolla 2005 Red,"₦ 4,620,000","Lagos State, Yaba",Local Used,408954 km
Dodge Charger 2009 Black,"₦ 6,825,000","Oyo State, Ibadan",Local Used,107607 km
Mercedes-Benz GLE-Class 2021 White,"₦ 50,400,000","Abuja (FCT), Gwarinpa",Foreign Used,23880 km
Cadillac XTS 2016 Gray,"₦ 25,200,000","Lagos State, Lekki",Local Used,53084 km
Cadillac XTS 2016 Gray,"₦ 25,200,000","Lagos State, Lekki",Local Used,53084 km
Land Rover Range Rover 2020 Black,"₦ 54,600,000","Abuja (FCT), Wuse",Local Used,51244 km
Volvo S60 2001 Silver,"₦ 5,775,000","Abuja (FCT), Gwarinpa",Local Used,261375 km
Toyota Avalon 2014 Black,"₦ 11,550,000","Lagos State, Lekki",Local Used,239481 km
Toyota RAV4 2008 Blue,"₦ 7,350,000","Lagos State, Alimosho",Local Used,55653 km
Land Rover Range Rover Sport 2012 Black,"₦ 6,825,000","Oyo State, Ibadan",Local Used,128480 km
Toyota Camry 2012 Gray,"₦ 8,400,000","Lagos State, Ojodu",Local Used,247548 km
Ford Edge 2009 Silver,"₦ 4,410,000","Lagos State, Surulere",Local Used,206246 km
Mercedes-Benz GL-Class GL550 4MATIC 4dr SUV AWD (4.7L 8cyl Turbo 7A),"₦ 31,200,000","Lagos State, Ikeja",Local Used,35588 km
Toyota Sienna Limited 7-Passenger 4dr Minivan AWD (3.5L 6cyl 6A) 2014,"₦ 10,509,262","Lagos State, Ogba",Local Used,114496 km
Toyota Avalon 2013 Gray,"₦ 11,550,000","Lagos State, Abule Egba",Local Used,155825 km
Toyota Camry 2005 Red,"₦ 4,053,000","Lagos State, Ogudu",Local Used,417623 km
Toyota Corolla 2005 Red,"₦ 4,620,000","Lagos State, Yaba",Local Used,408954 km
Mercedes-Benz C300 2010 Black,"₦ 6,961,500","Lagos State, Ilupeju",Local Used,228217 km
Toyota Avensis 2003 Green,"₦ 8,715,000","Lagos State, Ikeja",Foreign Used,134196 km
Toyota Camry 2017 Gray,"₦ 12,600,000","Abuja (FCT), Wuse",Local Used,135837 km
Kia Forte 2010 White,"₦ 5,250,000","Lagos State, Ikeja",Local Used,164880 km
Honda Jazz 2006 Green,"₦ 6,300,000","Abuja (FCT), Kubwa",Local Used,299174 km
Toyota Venza 2010 Gray,"₦ 9,975,000","Oyo State, Ibadan",Local Used,170816 km
Land Rover Range Rover 2010 Purple,"₦ 8,400,000","Lagos State, Ikoyi",Local Used,94234 km
Toyota Camry 2009 Gray,"₦ 5,670,000","Abuja (FCT), Gwarinpa",Local Used,127307 km
Toyota Camry 2015 Black,"₦ 11,655,000","Lagos State, Ojodu",Local Used,325675 km
Toyota Camry 2008 Silver,"₦ 5,775,000","Lagos State, Alimosho",Local Used,62997 km
Toyota Camry 2013 Silver,"₦ 14,560,000","Oyo State, Ibadan",Foreign Used,234776 km
Nissan Almera 2016 Gray,"₦ 5,250,000","Kaduna State, Kachia",Local Used,179246 km
Toyota Matrix 2006 Gold,"₦ 3,885,000","Oyo State, Ibadan",Local Used,213938 km
Nissan Sentra 2015 Gray,"₦ 4,725,000","Rivers State, Port-Harcourt",Local Used,91892 km
Lexus ES 2014 Gray,"₦ 21,000,000","Oyo State, Ibadan",Foreign Used,281581 km
Hyundai Tucson 2021 Black,"₦ 30,450,000","Lagos State, Yaba",Local Used,42277 km
BMW X3 2014 White,"₦ 14,490,000","Lagos State, Amuwo-Odofin",Local Used,494073 km
Toyota Camry 2007 Green,"₦ 6,503,333","Lagos State, Ikeja",Local Used,177286 km
Mercedes-Benz CLS 2012 White,"₦ 21,000,000","Lagos State, Lekki",Local Used,62353 km
Mercedes-Benz R-Class R 350 4MATIC AWD 2006 Silver,"₦ 9,975,000","Lagos State, Magodo",Foreign Used,246180 km
Kia Sorento 2011 Gray,"₦ 6,825,000","Lagos State, Ogba",Local Used,123175 km
Hyundai Sonata GLS Sedan FWD (2.4L 4cyl 6A) 2011 Gray,"₦ 6,153,000","Lagos State, Ikorodu",Local Used,118323 km
Toyota Highlander 2012 Black,"₦ 15,600,000","Lagos State, Isolo",Local Used,181073 km
Toyota Venza 2014 Black,"₦ 12,180,000","Lagos State, Kosofe",Local Used,100778 km
Mercedes-Benz GLK-Class 2010 Black,"₦ 10,258,500","Lagos State, Ajah",Local Used,177994 km
Hyundai Santa Fe 2008 Blue,"₦ 4,200,000","Lagos State, Ikorodu",Local Used,185231 km
Hyundai Sonata 2013 Gray,"₦ 6,300,000","Edo State, Benin City",Local Used,160988 km
Nissan Note 1.6 Petrol 2009 White,"₦ 4,725,000","Lagos State, Ikorodu",Local Used,179869 km
Lexus ES 2007 Gray,"₦ 6,300,000","Rivers State, Port-Harcourt",Local Used,186489 km
Mercedes-Benz M Class 2010 Black,"₦ 7,350,000","Lagos State, Alimosho",Local Used,291021 km
Hyundai Santa Fe 2007 White,"₦ 4,725,000","Lagos State, Ajah",Local Used,319180 km
Ford Edge 2011 Black,"₦ 6,825,000","Lagos State, Lekki",Local Used,347788 km
Toyota Camry 2013 Black,"₦ 10,290,000","Rivers State, Port-Harcourt",Local Used,153400 km
Lexus ES 2008 Red,"₦ 6,300,000","Lagos State, Lekki",Local Used,88621 km
Ford Fusion 2011 Black,"₦ 4,200,000","Lagos State, Surulere",Local Used,174221 km
Mercedes-Benz GLE-Class AMG GLE 63 S 4MATIC 2016 White,"₦ 84,000,000","Lagos State, Ikoyi",Foreign Used,129592 km
Toyota Camry 2011 Gold,"₦ 7,087,500","Lagos State, Alimosho",Local Used,119628 km
Toyota Sienna 2008 Blue,"₦ 5,460,000","Lagos State, Alimosho",Local Used,200618 km
Mercedes-Benz GL-Class 2012 Gray,"₦ 12,272,000","Abuja (FCT), Garki 2",Local Used,147109 km
Ford Edge 2007 Burgandy,"₦ 3,885,000","Lagos State, Ogba",Local Used,286716 km
Lexus RX 350 2016 Black,"₦ 36,400,000","Lagos State, Lekki",Local Used,100785 km
Peugeot 3008 2009 Gray,"₦ 6,510,000","Lagos State, Alimosho",Local Used,185267 km
Kia Sedona 2008 Blue,"₦ 4,725,000","Lagos State, Alimosho",Local Used,313116 km
Toyota Sienna 2011 Gray,"₦ 9,660,000","Lagos State, Ogba",Local Used,119155 km
Nissan Almera 2015 Silver,"₦ 5,775,000","Edo State, Benin City",Local Used,59753 km
Hyundai Santa Fe 2014 Black,"₦ 13,650,000","Abuja (FCT), Kubwa",Local Used,183624 km
Lexus ES 2016 Black,"₦ 28,350,000","Lagos State, Ikeja",Foreign Used,68314 km
Audi Q7 2015 Black,"₦ 26,250,000","Lagos State, Lekki",Foreign Used,198145 km
Kia Morning 2013 White,"₦ 7,245,000","Lagos State, Ikorodu",Foreign Used,62632 km
BMW 530i 2010 Black,"₦ 7,875,000","Abuja (FCT), Kubwa",Local Used,138733 km
Toyota Camry 2007 Gray,"₦ 5,880,000","Abuja (FCT), Garki 2",Local Used,223421 km
Toyota Venza 2011 White,"₦ 14,038,960","Abuja (FCT), Kubwa",Local Used,145905 km
Toyota RAV4 2006 Silver,"₦ 7,280,000","Lagos State, Alimosho",Local Used,216369 km
Ford Transit 2011 White,"₦ 8,925,000","Oyo State, Ibadan",Foreign Used,107916 km
Lexus ES 2008 White,"₦ 6,825,000","Abuja (FCT), Kubwa",Local Used,102431 km
Pontiac Vibe 2009 Blue,"₦ 8,400,000","Lagos State, Ogba",Foreign Used,168028 km
Toyota Highlander 2005 Silver,"₦ 6,510,000","Ogun State, Abeokuta North",Local Used,386748 km
Hyundai Genesis 2015 Gray,"₦ 24,675,000","Rivers State, Port-Harcourt",Foreign Used,84033 km
Lexus RX 330 2005 Black,"₦ 8,840,000","Lagos State, Ajah",Local Used,436393 km
Hyundai Elantra 2011 Gray,"₦ 5,460,000","Lagos State, Lekki",Local Used,121383 km
Toyota Camry LE 4dr Sedan (2.4L 4cyl 5A) 2007 Black,"₦ 5,565,000","Lagos State, Lekki",Local Used,309540 km
Acura TSX 2012 Black,"₦ 5,250,000","Lagos State, Alimosho",Local Used,396948 km
Toyota Camry 2019 White,"₦ 15,750,000","Lagos State, Lekki",Local Used,157524 km
Mercedes-Benz M Class 2008 Black,"₦ 7,050,750","Lagos State, Ikeja",Local Used,277896 km
Toyota Corolla 2011 Black,"₦ 13,000,000","Lagos State, Kosofe",Foreign Used,133696 km
Toyota Highlander 2005 Silver,"₦ 6,510,000","Ogun State, Abeokuta North",Local Used,386748 km
Honda Ridgeline 2010 Black,"₦ 10,290,000","Oyo State, Ibadan",Foreign Used,235221 km
Kia Sorento 2008 Silver,"₦ 5,250,000","Oyo State, Ibadan",Local Used,186676 km
Toyota Sienna 2005 Gold,"₦ 5,880,000","Lagos State, Alimosho",Local Used,390554 km
Volvo XC90 2004 Blue,"₦ 4,725,000","Lagos State, Abule Egba",Local Used,302455 km
Honda Civic 2017 White,"₦ 16,800,000","Rivers State, Port-Harcourt",Foreign Used,110082 km
Toyota Corolla 2010 Gray,"₦ 7,350,000","Oyo State, Ibadan",Local Used,115518 km
Toyota Matrix 2014 Black,"₦ 12,600,000","Lagos State, Mushin",Foreign Used,308507 km
Toyota Highlander 2016 Blue,"₦ 32,240,000","Lagos State, Ikeja",Foreign Used,285933 km
Mercedes-Benz C300 2010 Gray,"₦ 7,800,000","Abuja (FCT), Kubwa",Local Used,88268 km
Volkswagen Passat 2014 Gold,"₦ 5,880,000","Rivers State, Port-Harcourt",Local Used,72867 km
Mercedes-Benz M Class 2012 Gray,"₦ 15,750,000","Ogun State, Abeokuta North",Local Used,406794 km
Acura MDX 2008 Gray,"₦ 7,280,000","Lagos State, Alimosho",Local Used,255933 km
Mitsubishi Canter 2003 White,"₦ 6,510,000","Enugu State, Enugu",Local Used,198402 km
Hyundai I10 2015 Black,"₦ 5,250,000","Lagos State, Ajah",Local Used,80378 km
Toyota 4-Runner Sport Edition V6 4x4 2005 Silver,"₦ 6,240,000","Lagos State, Magodo",Local Used,219555 km
Nissan Versa 2009 Black,"₦ 5,250,000","Ogun State, Abeokuta North",Local Used,286308 km
Toyota Sienna 2013 Blue,"₦ 13,650,000","Lagos State, Surulere",Foreign Used,161822 km
Toyota Corolla 2020 Gray,"₦ 19,240,000","Oyo State, Ibadan",Local Used,144686 km
BMW X5 2012 Black,"₦ 11,392,500","Lagos State, Yaba",Foreign Used,227967 km
Land Rover Range Rover Velar P250 SE R-Dynamic 4x4 2018 Black,"₦ 57,303,680","Lagos State, Lekki",Foreign Used,164913 km
Mercedes-Benz M Class 2013 Silver,"₦ 17,850,000","Lagos State, Ojodu",Foreign Used,158404 km
Lexus RX 450h 3.5 Hybrid AWD 2021 White,"₦ 71,400,000","Abuja (FCT), Wuse",Local Used,41239 km
Genesis G80 2016 Gray,"₦ 24,150,000","Rivers State, Port-Harcourt",Foreign Used,167569 km
Toyota Corolla 2006 Black,"₦ 5,040,000","Abuja (FCT), Wuse",Local Used,146090 km
Mercedes-Benz C-Class 2001 Silver,"₦ 8,400,000","Oyo State, Ibadan",Foreign Used,215755 km
Hyundai I10 2015 Silver,"₦ 7,350,000","Lagos State, Ilupeju",Local Used,91287 km
Honda Pilot 2005 Gray,"₦ 3,675,000","Enugu State, Enugu",Local Used,257457 km
Lexus RX 330 2004 Green,"₦ 6,090,000","Oyo State, Ibadan",Local Used,224703 km
Ford Explorer 2013 Gray,"₦ 14,700,000","Lagos State, Abule Egba",Foreign Used,119871 km
Toyota Camry 2011 Red,"₦ 7,800,000","Abuja (FCT), Jabi",Local Used,402269 km
Hyundai Elantra 2013 Black,"₦ 6,615,000","Lagos State, Ikorodu",Local Used,123412 km
Toyota Corolla Cross 2023 Off white,"₦ 47,250,000","Lagos State, Ikeja",Foreign Used,17813 km
Toyota Corolla 2007 Black,"₦ 5,775,000","Delta State, Oshimili South",Local Used,148464 km
Lexus ES 2010 Black,"₦ 9,135,000","Rivers State, Port-Harcourt",Local Used,130846 km
Jeep Wrangler 2008 Green,"₦ 31,500,000","Lagos State, Amuwo-Odofin",Local Used,103775 km
Hyundai Accent 2012 Silver,"₦ 10,868,000","Lagos State, Amuwo-Odofin",Foreign Used,311144 km
Toyota Camry 2023 Red,"₦ 38,850,000","Abuja (FCT), Jabi",Foreign Used,78390 km
Nissan Sentra 2006 Black,"₦ 3,150,000","Lagos State, Kosofe",Local Used,53389 km
Toyota Corolla 2005 Gray,"₦ 4,494,000","Lagos State, Lekki",Local Used,166533 km
Honda Pilot 2016 Black,"₦ 20,370,000","Lagos State, Yaba",Local Used,11250 km
Land Rover Range Rover 2010 Purple,"₦ 8,400,000","Lagos State, Ikoyi",Local Used,94234 km
Honda Accord 2.4 EX Automatic 2008 Black,"₦ 4,410,000","Akwa Ibom State, Uyo",Local Used,175857 km
Toyota Corolla LE 2006 Black,"₦ 3,675,000","Lagos State, Ogba",Local Used,168878 km
Toyota Corolla 2005 Silver,"₦ 3,990,000","Lagos State, Ojodu",Local Used,158319 km
Lexus RX 350 2008 Black,"₦ 5,775,000","Edo State, Benin City",Local Used,171573 km
Toyota Camry 2013 Silver,"₦ 14,560,000","Oyo State, Ibadan",Foreign Used,234776 km
Honda Pilot 2007 Brown,"₦ 4,200,000","Lagos State, Ajah",Local Used,176763 km
Toyota RAV4 2004 Red,"₦ 3,255,000","Oyo State, Ibadan",Local Used,131188 km
Lexus ES 2007 Gray,"₦ 6,300,000","Rivers State, Port-Harcourt",Local Used,186489 km
Hyundai Tucson 2021 Black,"₦ 30,450,000","Lagos State, Yaba",Local Used,42277 km
Hyundai Sonata GLS Sedan FWD (2.4L 4cyl 6A) 2011 Gray,"₦ 6,153,000","Lagos State, Ikorodu",Local Used,118323 km
Toyota Corolla 2009 Silver,"₦ 5,250,000","Rivers State, Port-Harcourt",Local Used,222567 km
Toyota Camry 2007 Green,"₦ 6,503,333","Lagos State, Ikeja",Local Used,177286 km
Hyundai Santa Fe 2007 White,"₦ 4,725,000","Lagos State, Ajah",Local Used,319180 km
Mercedes-Benz CLS 2012 White,"₦ 21,000,000","Lagos State, Lekki",Local Used,62353 km
Mercedes-Benz E320 2004 Black,"₦ 3,622,500","Lagos State, Ogudu",Local Used,13930 km
Mercedes-Benz E350 Base 4Matic Sedan AWD (3.5L 6cyl 5A) 2007 Gray,"₦ 6,825,000","Akwa Ibom State, Uyo",Local Used,520478 km
Mercedes-Benz E300 2017 Silver,"₦ 27,300,000","Abuja (FCT), Gwarinpa",Local Used,245490 km
Hyundai Sonata 2011 Black,"₦ 7,800,000","Abuja (FCT), Jabi",Local Used,131558 km
Mercedes-Benz CLS 2013 Black,"₦ 19,950,000","Lagos State, Lekki",Local Used,96359 km
Toyota Camry LE 4dr Sedan (2.5L 4cyl 6A) 2013 White,"₦ 10,400,000","Lagos State, Lekki",Local Used,158841 km
Lexus RX 330 2005 White,"₦ 8,400,000","Abuja (FCT), Lugbe District",Local Used,432817 km
Toyota RAV4 2011 Silver,"₦ 8,400,000","Lagos State, Ikoyi",Local Used,146393 km
Pontiac Vibe 2003 Gray,"₦ 4,725,000","Kano State, Gwale",Local Used,278146 km
Toyota RAV4 2018 Black,"₦ 18,900,000","Akwa Ibom State, Uyo",Foreign Used,89768 km
Ford Escape 2013 Gold,"₦ 9,975,000","Lagos State, Ikotun/Igando",Foreign Used,310811 km
Ford Explorer XLT 4dr SUV (3.5L 6cyl 6A) 2015 Black,"₦ 10,867,500","Lagos State, Lekki",Local Used,136324 km
Toyota Camry XLE 4dr Sedan (2.5L 4cyl 6A) 2013 Silver,"₦ 15,225,000","Lagos State, Lekki",Foreign Used,191632 km
Lexus RX 350 2016 White,"₦ 41,055,000","Lagos State, Isolo",Foreign Used,135702 km
Toyota Corolla 2011 Blue,"₦ 6,090,000","Lagos State, Ikeja",Local Used,137234 km
Honda Accord 2012 Red,"₦ 5,250,000","Ondo State, Akure",Local Used,192126 km
Mercedes-Benz E43 AMG 2018 Gray,"₦ 67,600,000","Abuja (FCT), Wuse",Foreign Used,135411 km
Toyota Matrix 2005 Silver,"₦ 5,250,000","Lagos State, Ikeja",Local Used,294553 km
Mazda MPV 2003 Black,"₦ 4,515,000","Lagos State, Ilupeju",Local Used,317448 km
Mercedes-Benz C300 2015 Black,"₦ 17,325,000","Lagos State, Lekki",Foreign Used,80467 km
Toyota Camry 2004 Gray,"₦ 6,825,000","Lagos State, Ikorodu",Foreign Used,339124 km
Toyota Camry 2010 White,"₦ 6,825,000","Lagos State, Ikeja",Local Used,258390 km
Toyota RAV4 2009 White,"₦ 9,975,000","Ogun State, Abeokuta North",Foreign Used,507449 km
Seat Alhambra 2000 Blue,"₦ 9,562,500","Kaduna State, Kachia",Foreign Used,165890 km
Toyota Sienna 2005 Burgandy,"₦ 7,312,500","Abuja (FCT), Jabi",Local Used,178695 km
Toyota Corolla 2005 Silver,"₦ 5,962,500","Oyo State, Ibadan",Local Used,150714 km
Toyota Sienna LE 2009 Gold,"₦ 11,812,500","Imo State, Owerri",Foreign Used,127670 km
Toyota Land Cruiser Prado 2007 Black,"₦ 13,500,000","Lagos State, Lekki",Local Used,144385 km
Toyota Land Cruiser Prado 2007 Black,"₦ 13,500,000","Lagos State, Lekki",Local Used,87361 km
Toyota Tacoma 2005 Blue,"₦ 13,500,000","Abuja (FCT), Garki 2",Local Used,215925 km
Toyota Land Cruiser Prado 2007 Black,"₦ 11,250,000","Lagos State, Lekki",Local Used,78265 km
Mercedes-Benz E350 2014 Silver,"₦ 25,875,000","Abuja (FCT), Garki 2",Foreign Used,207857 km
Mercedes-Benz E350 2006 Black,"₦ 5,625,000","Abuja (FCT), Kubwa",Local Used,159226 km
Toyota Camry 2004 Gray,"₦ 4,162,500","Abuja (FCT), Lugbe District",Local Used,329620 km
Toyota Camry 2018 Black,"₦ 27,000,000","Abuja (FCT), Gwarinpa",Local Used,65676 km
Toyota Land Cruiser Prado 2012 Black,"₦ 33,750,000","Abuja (FCT), Gwarinpa",Local Used,238357 km
Toyota Highlander 2018 Green,"₦ 45,000,000","Lagos State, Ikeja",Foreign Used,118152 km
Toyota Highlander 2011 Burgandy,"₦ 19,687,500","Lagos State, Ilupeju",Foreign Used,172836 km
Honda City 2007 Black,"₦ 3,037,500","Lagos State, Mushin",Local Used,205727 km
Hyundai Accent 2012 Gray,"₦ 5,625,000","Lagos State, Ikeja",Local Used,79532 km
Lexus GX 2015 Brown,"₦ 38,480,000","Abuja (FCT), Kubwa",Local Used,208984 km
Toyota Avalon XLE FWDSedan (3.6L 6cyl 6A) 2016 Gray,"₦ 21,993,750","Lagos State, Lekki",Foreign Used,182540 km
Toyota Camry 2007 Black,"₦ 6,075,000","Rivers State, Port-Harcourt",Local Used,171872 km
Lexus GX 460 Premium 2012 Brown,"₦ 30,680,000","Rivers State, Port-Harcourt",Local Used,172270 km
Toyota Sienna LE 3dr 2000 Brown,"₦ 5,720,000","Lagos State, Ikorodu",Local Used,243898 km
Hyundai Sonata 2014 Gray,"₦ 12,390,000","Abuja (FCT), Gwarinpa",Foreign Used,171596 km
Ford Explorer 2016 White,"₦ 20,160,000","Lagos State, Alimosho",Foreign Used,147533 km
Toyota Venza 2013 White,"₦ 20,475,000","Oyo State, Ibadan",Foreign Used,206686 km
Toyota Yaris 2018 Red,"₦ 12,600,000","Lagos State, Ikoyi",Local Used,109487 km
Toyota Highlander 2021 White,"₦ 62,156,250","Lagos State, Ogba",Foreign Used,289267 km
Hyundai Sonata 2011 White,"₦ 11,500,000","Lagos State, Ikeja",Foreign Used,287486 km
Lexus ES 2010 Black,"₦ 8,400,000","Abuja (FCT), Garki 2",Local Used,318951 km
Lexus RX 350 2015 Red,"₦ 27,090,000","Lagos State, Amuwo-Odofin",Foreign Used,129316 km
Lexus GX 2006 Gold,"₦ 7,875,000","Lagos State, Surulere",Local Used,198164 km
Lexus RX 350 2014 Red,"₦ 23,625,000","Lagos State, Isolo",Foreign Used,97577 km
Toyota Corolla 2015 Silver,"₦ 15,600,000","Oyo State, Ibadan",Foreign Used,195309 km
Lexus RX 2012 Black,"₦ 22,050,000","Rivers State, Port-Harcourt",Foreign Used,128889 km
Toyota Land Cruiser Prado 2021 Black,"₦ 67,383,750","Abuja (FCT), Wuse",Local Used,61559 km
Hyundai Santa Fe 2016 Blue,"₦ 13,650,000","Lagos State, Mushin",Local Used,135077 km
Lexus ES 2009 White,"₦ 7,434,000","Lagos State, Alimosho",Local Used,133226 km
Lexus ES 2009 White,"₦ 7,434,000","Lagos State, Alimosho",Local Used,133226 km
Hyundai Santa Fe 2016 Blue,"₦ 13,650,000","Lagos State, Mushin",Local Used,135077 km
Mercedes-Benz GLC-Class 2016 White,"₦ 36,400,000","Lagos State, Ikeja",Foreign Used,239199 km
Lexus RX 350 2010 Gray,"₦ 15,750,000","Ondo State, Akure",Local Used,221731 km
Ford Fusion 2014 Black,"₦ 14,560,000","Lagos State, Ojodu",Foreign Used,376685 km
Toyota Venza 2014 Black,"₦ 13,125,000","Abuja (FCT), Garki 2",Local Used,75971 km
Lexus ES 2013 Silver,"₦ 23,920,000","Lagos State, Amuwo-Odofin",Foreign Used,193273 km
Lexus RX 350 2010 Black,"₦ 17,680,000","Abuja (FCT), Lugbe District",Local Used,203995 km
Lexus GX 2012 Black,"₦ 40,560,000","Lagos State, Abule Egba",Foreign Used,330210 km
Toyota Avalon 2013 White,"₦ 21,840,000","Lagos State, Isolo",Foreign Used,138007 km
Mercedes-Benz GLC-Class 2018 Black,"₦ 44,100,000","Abuja (FCT), Gwarinpa",Foreign Used,107605 km
Toyota Hilux 2005 White,"₦ 15,750,000","Lagos State, Abule Egba",Local Used,186037 km
Hyundai Sonata 2015 White,"₦ 15,225,000","Abuja (FCT), Gwarinpa",Foreign Used,106754 km
Mercedes-Benz M Class 2012 Black,"₦ 24,150,000","Lagos State, Lekki",Foreign Used,390879 km
Toyota Sienna 2006 Gold,"₦ 5,625,000","Rivers State, Port-Harcourt",Local Used,191853 km
Hyundai Santa Fe 2015 Gray,"₦ 18,900,000","Lagos State, Ojodu",Foreign Used,129086 km
Toyota Highlander 2015 Black,"₦ 31,200,000","Lagos State, Ogba",Foreign Used,149160 km
Toyota Camry 2017 Blue,"₦ 18,720,000","Lagos State, Isolo",Foreign Used,480056 km
Lexus LX 2021 Gray,"₦ 124,800,000","Lagos State, Ikoyi",Local Used,55925 km
Honda Accord EX-L V-6 4dr Sedan FWD (3.5L 6cyl 6A) 2016 White,"₦ 20,280,000","Kaduna State, Kaduna / Kaduna State",Foreign Used,410951 km
Toyota RAV4 2018 White,"₦ 26,250,000","Lagos State, Ikorodu",Foreign Used,740231 km
Toyota Camry 2012 White,"₦ 13,545,000","Oyo State, Ibadan",Foreign Used,258764 km
Mercedes-Benz M Class 2013 Black,"₦ 28,125,000","Lagos State, Isolo",Foreign Used,243221 km
Hyundai Sonata Sport 2.0T 4dr Sedan (2.0L 4cyl Turbo 6A) 2015 Black,"₦ 16,640,000","Lagos State, Amuwo-Odofin",Foreign Used,175154 km
Lexus ES 350 2007 Gray,"₦ 7,560,000","Akwa Ibom State, Uyo",Local Used,104431 km
Toyota Corolla 2005 Silver,"₦ 5,408,000","Oyo State, Ibadan",Local Used,184618 km
Mercedes-Benz GLK-Class 2012 White,"₦ 11,550,000","Lagos State, Ajah",Local Used,293496 km
Mercedes-Benz M Class 2007 Silver,"₦ 14,062,500","Lagos State, Lekki",Foreign Used,245981 km
Toyota Venza 2016 Silver,"₦ 26,000,000","Lagos State, Lekki",Foreign Used,101327 km
Hyundai Sonata 2013 Gray,"₦ 12,937,500","Lagos State, Lekki",Foreign Used,136890 km
Hyundai Sonata 2013 Gray,"₦ 12,937,500","Lagos State, Lekki",Foreign Used,136890 km
Toyota Camry 2008 Silver,"₦ 6,760,000","Lagos State, Ojodu",Local Used,72787 km
Lexus RX 300 2000 Black,"₦ 6,240,000","Oyo State, Ibadan",Local Used,220667 km
Toyota Land Cruiser Prado 2013 Black,"₦ 41,600,000","Lagos State, Ikeja",Local Used,53633 km
Honda CR-V 2021 White,"₦ 41,600,000","Lagos State, Ogudu",Foreign Used,51508 km
Mercedes-Benz E200 2016 Silver,"₦ 28,350,000","Abuja (FCT), Gwarinpa",Local Used,121124 km
Mercedes-Benz GLE-Class 2020 White,"₦ 90,480,000","Lagos State, Alimosho",Foreign Used,47895 km
Lexus ES 2003 Black,"₦ 5,000,000","Lagos State, Abule Egba",Local Used,278772 km
Mercedes-Benz M Class 2015 Black,"₦ 26,075,874","Lagos State, Lekki",Foreign Used,227401 km
BMW 535i 2012 Black,"₦ 12,600,000","Abuja (FCT), Garki 2",Local Used,266843 km
Toyota Camry 2007 Gray,"₦ 10,920,000","Lagos State, Isolo",Foreign Used,105624 km
Honda Accord 2013 Gray,"₦ 14,600,000","Lagos State, Ikeja",Foreign Used,311405 km
Toyota Corolla 2014 Silver,"₦ 14,700,000","Lagos State, Ikeja",Foreign Used,260915 km
Lexus GS 2014 Black,"₦ 18,900,000","Lagos State, Isolo",Foreign Used,128212 km
Mercedes-Benz GLC-Class 2016 Blue,"₦ 31,500,000","Lagos State, Ajah",Local Used,142141 km
Acura RDX 2007 Gray,"₦ 8,925,000","Lagos State, Amuwo-Odofin",Local Used,196369 km
Toyota Corolla 2009 Black,"₦ 8,320,000","Abuja (FCT), Lugbe District",Local Used,163825 km
Toyota Venza 2011 Red,"₦ 21,112,000","Lagos State, Ogba",Foreign Used,110434 km
Toyota Corolla 2009 Black,"₦ 7,350,000","Lagos State, Ikeja",Local Used,284801 km
Nissan Altima 2008 Beige,"₦ 11,550,000","Abuja (FCT), Lugbe District",Local Used,243345 km
Nissan Sentra 2014 Black,"₦ 6,300,000","Lagos State, Ikeja",Local Used,249549 km
Hyundai Sonata 2014 Gray,"₦ 13,832,000","Lagos State, Abule Egba",Foreign Used,128941 km
Mercedes-Benz M Class 2013 White,"₦ 20,250,000","Lagos State, Lekki",Local Used,106480 km
Land Rover Discovery Sport 2017 Black,"₦ 40,950,000","Lagos State, Isolo",Foreign Used,94600 km
Hyundai Entourage 2007 Silver,"₦ 5,250,000","Ondo State, Akure",Local Used,171861 km
Mercedes-Benz GLE-Class 2016 Black,"₦ 42,000,000","Lagos State, Amuwo-Odofin",Foreign Used,261817 km
Toyota Highlander 2018 Burgandy,"₦ 36,750,000","Abuja (FCT), Lugbe District",Foreign Used,162926 km
Toyota Corolla 2015 Red,"₦ 12,150,000","Oyo State, Ibadan",Local Used,163748 km
Infiniti FX35 2009 Gray,"₦ 10,500,000","Lagos State, Ikeja",Local Used,301904 km
Mercedes-Benz C300 2015 Black,"₦ 16,700,000","Lagos State, Ajah",Local Used,208745 km
Hyundai Sonata 2014 Black,"₦ 13,312,000","Lagos State, Ikoyi",Foreign Used,144708 km
Lexus ES 350 2010 Blue,"₦ 9,000,000","Abuja (FCT), Lugbe District",Local Used,80962 km
Toyota Camry 2009 Black,"₦ 7,072,000","Rivers State, Port-Harcourt",Local Used,269858 km
Nissan Sunny 2005 Blue,"₦ 4,200,000","Abuja (FCT), Jabi",Local Used,211056 km
Toyota Camry 2012 Black,"₦ 13,650,000","Lagos State, Isolo",Foreign Used,186617 km
Honda CR-V 2012 Green,"₦ 16,800,000","Lagos State, Amuwo-Odofin",Foreign Used,303543 km
Toyota Corolla 2011 Black,"₦ 7,350,000","Lagos State, Ikeja",Local Used,188598 km
Honda Accord 2009 Gold,"₦ 10,608,000","Lagos State, Ikotun/Igando",Foreign Used,187944 km
Toyota C-HR 2020 Blue,"₦ 36,000,000","Oyo State, Ibadan",Foreign Used,148917 km
Toyota Corolla 2015 Red,"₦ 15,600,000","Oyo State, Ibadan",Foreign Used,228262 km
Mercedes-Benz M Class 2009 Silver,"₦ 9,000,000","Abuja (FCT), Garki 2",Local Used,131072 km
Land Rover Lr4 2011 Black,"₦ 24,675,000","Oyo State, Ibadan",Local Used,259948 km
Toyota Corolla 2015 Blue,"₦ 15,600,000","Lagos State, Ogudu",Foreign Used,286383 km
Mercedes-Benz GLE-Class 2018 Red,"₦ 50,625,000","Lagos State, Isolo",Foreign Used,134398 km
Mercedes-Benz GLE-Class 2018 Red,"₦ 50,625,000","Lagos State, Isolo",Foreign Used,134398 km
Lexus RX 330 2004 Silver,"₦ 9,000,000","Lagos State, Isolo",Local Used,195799 km
Lexus GS 2008 White,"₦ 5,775,000","Lagos State, Ikoyi",Local Used,134587 km
Kia Rio 2023 Blue,"₦ 17,850,000","Lagos State, Ogudu",Local Used,7927 km
Ford Explorer 2012 Silver,"₦ 8,085,000","Lagos State, Isolo",Local Used,92241 km
Lexus RX 350 2017 Silver,"₦ 29,400,000","Oyo State, Ibadan",Local Used,152520 km
Toyota Highlander 2019 Gray,"₦ 46,125,000","Lagos State, Surulere",Foreign Used,100854 km
Toyota Camry 2009 Gray,"₦ 11,440,000","Lagos State, Abule Egba",Foreign Used,152618 km
Lexus RX 350 2017 Black,"₦ 52,000,000","Lagos State, Lekki",Foreign Used,157356 km
Honda Accord 2009 Black,"₦ 4,830,000","Rivers State, Port-Harcourt",Local Used,240949 km
Toyota Corolla 1.8 TS 2004 Silver,"₦ 4,725,000","Lagos State, Lekki",Local Used,387850 km
Hyundai Sonata 2011 Black,"₦ 8,775,000","Abuja (FCT), Wuse",Local Used,150738 km
Toyota Camry 2004 Silver,"₦ 8,320,000","Lagos State, Ogudu",Foreign Used,155479 km
Hyundai Sonata 2012 Black,"₦ 14,625,000","Lagos State, Ikotun/Igando",Foreign Used,191939 km
Lexus RX 350 2010 Silver,"₦ 15,750,000","Lagos State, Ikeja",Local Used,131581 km
Honda Accord 2014 Black,"₦ 9,030,000","Lagos State, Surulere",Local Used,211410 km
Toyota Highlander 2008 Black,"₦ 9,975,000","Oyo State, Ibadan",Local Used,101349 km
Hyundai Sonata 2016 White,"₦ 14,647,500","Lagos State, Kosofe",Foreign Used,137690 km
Lexus ES 2013 Black,"₦ 24,750,000","Lagos State, Ilupeju",Foreign Used,186696 km
Hyundai Santa Fe 2013 Black,"₦ 18,562,500","Abuja (FCT), Jabi",Foreign Used,96117 km
Toyota Corolla 2010 Black,"₦ 8,112,000","Oyo State, Ibadan",Local Used,267565 km
Toyota Avalon 2013 White,"₦ 17,850,000","Lagos State, Ajah",Foreign Used,169807 km
Hyundai Elantra 2020 Gray,"₦ 13,125,000","Lagos State, Ikoyi",Local Used,83278 km
Toyota Corolla 2017 Red,"₦ 14,560,000","Lagos State, Ikeja",Local Used,244341 km
Mercedes-Benz GLK-Class 2013 Black,"₦ 13,387,498","Lagos State, Ilupeju",Local Used,80152 km
Toyota Corolla 2010 Black,"₦ 7,800,000","Abuja (FCT), Garki 2",Local Used,504603 km
Toyota Corolla 2016 Red,"₦ 18,562,500","Abuja (FCT), Kubwa",Foreign Used,217619 km
Toyota Camry 2010 Silver,"₦ 9,975,000","Lagos State, Ojodu",Foreign Used,162281 km
Toyota Fortuner 2018 Black,"₦ 35,700,000","Rivers State, Port-Harcourt",Local Used,72275 km
Lexus IS 350 2007 White,"₦ 8,840,000","Akwa Ibom State, Uyo",Local Used,172929 km
Toyota Fortuner 2018 Black,"₦ 35,700,000","Rivers State, Port-Harcourt",Local Used,72275 km
Lexus IS 350 2007 White,"₦ 8,840,000","Akwa Ibom State, Uyo",Local Used,172929 km
Ford F-150 2004 White,"₦ 7,140,000","Oyo State, Ibadan",Local Used,278312 km
Toyota Camry 2007 Gray,"₦ 5,250,000","Lagos State, Ikorodu",Local Used,118523 km
Toyota Highlander 2015 Gray,"₦ 30,680,000","Kaduna State, Kachia",Foreign Used,80553 km
Acura MDX 2015 White,"₦ 20,800,000","Lagos State, Magodo",Foreign Used,320517 km
Ford Ranger 2003 Blue,"₦ 3,675,000","Oyo State, Ibadan",Local Used,281026 km
Toyota Avensis 2010 Gray,"₦ 11,250,000","Abuja (FCT), Garki 2",Local Used,373789 km
Honda Accord 2017 Black,"₦ 19,950,000","Abuja (FCT), Jabi",Foreign Used,159284 km
Toyota Altezza 2005 Black,"₦ 9,240,000","Lagos State, Isolo",Foreign Used,102388 km
Honda Pilot 2011 Burgandy,"₦ 13,387,500","Lagos State, Surulere",Foreign Used,280253 km
Toyota Sequoia 2007 Blue,"₦ 9,975,000","Lagos State, Yaba",Local Used,176032 km
Mercedes-Benz GLK-Class 350 4MATIC 2010 White,"₦ 12,480,000","Lagos State, Ajah",Local Used,119379 km
Toyota Avalon 2005 Black,"₦ 4,200,000","Oyo State, Ibadan",Local Used,188400 km
Toyota Camry XLE 4dr Sedan (2.4L 4cyl 5A) 2007 Red,"₦ 6,384,000","Lagos State, Lekki",Local Used,189581 km
Toyota Camry XLE 4dr Sedan (2.4L 4cyl 5A) 2007 Red,"₦ 6,384,000","Lagos State, Lekki",Local Used,189581 km
Toyota Camry 2010 Silver,"₦ 5,775,000","Oyo State, Ibadan",Local Used,294502 km
Toyota Camry 2008 Red,"₦ 7,875,000","Abuja (FCT), Lugbe District",Local Used,165578 km
Toyota Highlander 2003 Silver,"₦ 5,824,000","Rivers State, Port-Harcourt",Local Used,204849 km
Toyota Highlander 2014 Blue,"₦ 23,920,000","Ogun State, Abeokuta North",Local Used,158107 km
Toyota RAV4 2010 Black,"₦ 9,360,000","Edo State, Benin City",Local Used,112899 km
Ford Edge 2013 Silver,"₦ 7,425,000","Lagos State, Ilupeju",Local Used,195789 km
Toyota Avalon 2000 Gold,"₦ 4,410,000","Lagos State, Ilupeju",Local Used,246295 km
Toyota Camry 2007 Blue,"₦ 5,250,000","Oyo State, Ibadan",Local Used,183932 km
Toyota RAV4 2024 Silver,"₦ 72,800,000","Oyo State, Ibadan",Foreign Used,16115 km
Toyota Avalon XLE Sedar FWD (3.5L 6cyl 6A) 2013 White,"₦ 14,040,000","Lagos State, Ajah",Local Used,140303 km
Mercedes-Benz GLK-Class 2012 Black,"₦ 11,130,000","Lagos State, Surulere",Local Used,966635 km
Mercedes-Benz C300 2015 Silver,"₦ 18,720,000","Abuja (FCT), Lugbe District",Local Used,97825 km
Toyota Highlander 2019 Black,"₦ 35,700,000","Lagos State, Yaba",Foreign Used,124604 km
Mercedes-Benz C300 Sport 4Matic Sedan AWD (3.0L 6cyl 7A) 2012 Brown,"₦ 8,347,500","Lagos State, Lekki",Local Used,150812 km
Toyota Highlander 2005 Red,"₦ 5,460,000","Lagos State, Abule Egba",Local Used,194026 km
Mercedes-Benz E350 2004 Blue,"₦ 4,830,000","Enugu State, Enugu",Local Used,269774 km
Lexus GS 2007 Silver,"₦ 10,794,000","Abuja (FCT), Gwarinpa",Foreign Used,76558 km
Lexus ES 350 2007 Blue,"₦ 6,300,000","Lagos State, Lekki",Local Used,148110 km
Toyota Camry 2003 Green,"₦ 3,780,000","Oyo State, Ibadan",Local Used,154087 km
Mercedes-Benz GLE-Class GLE 350d 4MATIC 2016 Silver,"₦ 30,160,000","Imo State, Owerri",Local Used,142338 km
Honda CR-V 2019 Black,"₦ 32,550,000","Oyo State, Ibadan",Foreign Used,100800 km
Mercedes-Benz GLE-Class AMG GLE 53 4MATIC 2024 Black,"₦ 226,800,000","Lagos State, Lekki",Foreign Used,59759 km
Kia Optima 2009 Black,"₦ 5,775,000","Abuja (FCT), Kubwa",Local Used,169297 km
Infiniti G 2011 Gray,"₦ 7,035,000","Lagos State, Ikoyi",Local Used,128597 km
Hyundai Ix35 2014 Gray,"₦ 8,400,000","Rivers State, Port-Harcourt",Local Used,100691 km
Scion xB Base 2008 Black,"₦ 6,825,000","Akwa Ibom State, Uyo",Local Used,431195 km
Honda Accord Crosstour 2010 Gray,"₦ 7,350,000","Oyo State, Ibadan",Local Used,107927 km
Rover Land 2018 Gray,"₦ 57,750,000","Abuja (FCT), Garki 2",Local Used,82546 km
Land Rover Range Rover Sport 2014 White,"₦ 28,080,000","Lagos State, Lekki",Local Used,123338 km
Land Rover Range Rover Sport 2014 White,"₦ 28,080,000","Lagos State, Lekki",Local Used,123338 km
Toyota C-HR 2018 Red,"₦ 31,500,000","Lagos State, Alimosho",Local Used,157094 km
Honda CR-V 2011 Black,"₦ 6,825,000","Lagos State, Ikeja",Local Used,142871 km
Land Rover Range Rover Velar 2021 Gray,"₦ 78,750,000","Lagos State, Ikeja",Foreign Used,38762 km
New Toyota Corolla Cross 2025 Black,"₦ 51,450,000","Delta State, Warri",Brand New,404 km
Mercedes-Benz E350 Base 4Matic Sedan AWD (3.5L 6cyl 7A) 2011 White,"₦ 14,700,000","Rivers State, Port-Harcourt",Local Used,157974 km
Toyota Sienna 2008 Blue,"₦ 10,500,000","Lagos State, Ogba",Foreign Used,196567 km
Toyota HiAce 2008 White,"₦ 21,000,000","Lagos State, Lekki",Local Used,210597 km
Honda Accord 2.0 Comfort Automatic 2008 Gray,"₦ 5,408,000","Lagos State, Ikorodu",Local Used,76503 km
Mercedes-Benz C180 2001 Silver,"₦ 13,650,000","Lagos State, Isolo",Foreign Used,91297 km
Jeep Compass 2012 Red,"₦ 6,300,000","Lagos State, Ojodu",Local Used,275470 km
Mercedes-Benz C300 2008 Silver,"₦ 5,880,000","Lagos State, Abule Egba",Local Used,146874 km
Toyota Highlander 2010 Gray,"₦ 14,062,500","Ondo State, Akure",Local Used,207715 km
Ford Explorer 2016 Blue,"₦ 13,500,000","Lagos State, Lekki",Local Used,114998 km
Toyota Highlander 2003 Silver,"₦ 5,824,000","Rivers State, Port-Harcourt",Local Used,204849 km
Hyundai Tucson 2016 Black,"₦ 14,694,750","Abuja (FCT), Kubwa",Local Used,106046 km
BMW 535i 2011 Black,"₦ 26,250,000","Lagos State, Lekki",Foreign Used,245680 km
Toyota Corolla 2015 Black,"₦ 14,175,000","Lagos State, Ojodu",Foreign Used,246766 km
Toyota Corolla 2005 Red,"₦ 5,408,000","Lagos State, Abule Egba",Local Used,299999 km
Toyota Highlander 2007 Blue,"₦ 5,250,000","Lagos State, Abule Egba",Local Used,266381 km
Ford Explorer 2016 Black,"₦ 20,370,000","Lagos State, Ojodu",Foreign Used,202974 km
Lexus RX 350 2018 Blue,"₦ 48,300,000","Edo State, Benin City",Foreign Used,66545 km
Toyota Corolla 2013 White,"₦ 12,600,000","Oyo State, Ibadan",Foreign Used,148851 km
Lexus GX 2009 Black,"₦ 7,875,000","Lagos State, Ogba",Local Used,150845 km
Hyundai Sonata 2018 Blue,"₦ 15,750,000","Lagos State, Isolo",Local Used,97666 km
Toyota Sienna 2013 White,"₦ 16,065,000","Lagos State, Ojodu",Foreign Used,137611 km
Toyota RAV4 2010 Black,"₦ 14,560,000","Lagos State, Isolo",Foreign Used,121631 km
Mercedes-Benz GL-Class 2008 Black,"₦ 7,140,000","Lagos State, Lekki",Local Used,306260 km
Mitsubishi L200 2020 White,"₦ 19,950,000","Lagos State, Abule Egba",Local Used,66575 km
Toyota Sienna 2004 White,"₦ 12,375,000","Enugu State, Enugu",Foreign Used,380466 km
Toyota Corolla 2009 Gold,"₦ 6,825,000","Abuja (FCT), Gwarinpa",Local Used,221103 km
Honda Accord 2014 Black,"₦ 11,440,000","Lagos State, Yaba",Local Used,126479 km
Nissan Xterra 2002 Black,"₦ 5,250,000","Rivers State, Port-Harcourt",Local Used,183724 km
Lexus RX 350 2008 White,"₦ 8,400,000","Ondo State, Akure",Local Used,200440 km
Toyota Corolla 2012 Black,"₦ 6,357,750","Lagos State, Yaba",Local Used,105625 km
Toyota Sienna 2004 White,"₦ 12,375,000","Enugu State, Enugu",Foreign Used,380466 km
Honda CR-V 2011 Gray,"₦ 8,400,000","Abuja (FCT), Garki 2",Local Used,282732 km
Dodge Caliber 2010 Blue,"₦ 7,140,000","Lagos State, Abule Egba",Foreign Used,176841 km
Toyota Camry 2009 Beige,"₦ 9,450,000","Lagos State, Isolo",Foreign Used,247816 km
Lexus LX LX 600 2025 Black,"₦ 357,000,000","Lagos State, Magodo",Foreign Used,14020 km
BMW 530i 2007 Black,"₦ 11,550,000","Abuja (FCT), Garki 2",Local Used,999999 km
Honda Pilot 2011 Black,"₦ 12,089,700","Abuja (FCT), Kubwa",Foreign Used,101239 km
Toyota Camry 2011 Black,"₦ 6,552,000","Lagos State, Abule Egba",Local Used,282326 km
Lexus NX 2015 Gray,"₦ 22,050,000","Lagos State, Amuwo-Odofin",Local Used,57392 km
Lexus ES 350 2007 Silver,"₦ 9,360,000","Abia State, Aba North",Local Used,178498 km
Toyota Corolla CE 2006 Silver,"₦ 4,536,000","Lagos State, Lekki",Local Used,2999999 km
Lexus RX 350 2021 Black,"₦ 57,750,000","Oyo State, Ibadan",Foreign Used,68905 km
Toyota Highlander 2003 Silver,"₦ 5,824,000","Rivers State, Port-Harcourt",Local Used,204849 km
Toyota Corolla 2007 Blue,"₦ 4,867,800","Abuja (FCT), Kubwa",Local Used,312695 km
Honda Accord 2015 Black,"₦ 9,240,000","Lagos State, Lekki",Local Used,112898 km
Toyota Corolla 2009 White,"₦ 11,232,000","Abuja (FCT), Gwarinpa",Foreign Used,163458 km
Acura MDX 2009 Black,"₦ 7,280,000","Lagos State, Ojodu",Local Used,12459 km
Toyota Ipsum 1998 White,"₦ 4,200,000","Oyo State, Ibadan",Local Used,310820 km
Toyota Corolla 2011 Black,"₦ 6,888,000","Lagos State, Ogudu",Local Used,256328 km
Toyota Corolla 2010 Silver,"₦ 11,440,000","Lagos State, Ogba",Foreign Used,237290 km
Toyota Corolla 1.8 VVTL-i TS Compressor 2007 Gold,"₦ 5,460,000","Lagos State, Magodo",Local Used,279590 km
Mercedes-Benz GLE-Class GLE 350 2016 Black,"₦ 21,000,000","Lagos State, Lekki",Local Used,83318 km
Toyota Avensis 2004 Silver,"₦ 4,935,000","Oyo State, Ibadan",Local Used,248810 km
Lexus GX 2016 Gray,"₦ 48,300,000","Lagos State, Surulere",Foreign Used,119898 km
Porsche Macan 2015 Black,"₦ 43,902,569","Lagos State, Lekki",Foreign Used,120597 km
Porsche Macan 2015 Black,"₦ 43,902,569","Lagos State, Lekki",Foreign Used,120597 km
Lexus ES 2009 Black,"₦ 7,875,000","Abia State, Umuahia",Local Used,109855 km
Lexus RX 350 2010 Gold,"₦ 22,880,000","Abuja (FCT), Lugbe District",Foreign Used,172534 km
Hyundai Sonata 2016 Black,"₦ 13,650,000","Rivers State, Port-Harcourt",Foreign Used,181482 km
Hyundai Veracruz 2010 Silver,"₦ 9,450,000","Lagos State, Ikorodu",Local Used,185231 km
Ford Explorer 2011 Black,"₦ 8,925,000","Lagos State, Ikeja",Local Used,90277 km
Kia Sedona 2012 Silver,"₦ 8,925,000","Lagos State, Ikeja",Local Used,158124 km
Hyundai Santa Fe 2007 Gray,"₦ 6,240,000","Oyo State, Ibadan",Local Used,162047 km
Mercedes-Benz C300 2020 Blue,"₦ 46,800,000","Lagos State, Surulere",Foreign Used,43758 km
Lexus RX 2003 Black,"₦ 3,675,000","Lagos State, Isolo",Local Used,170954 km
Toyota Matrix 2003 Red,"₦ 4,700,000","Oyo State, Ibadan",Local Used,204054 km
Porsche Cayenne 2013 Black,"₦ 30,450,000","Lagos State, Surulere",Local Used,42443 km
Toyota Highlander 2008 Silver,"₦ 5,250,000","Lagos State, Mushin",Local Used,336139 km
Toyota Sienna 2010 Green,"₦ 12,600,000","Oyo State, Ibadan",Foreign Used,159976 km
Toyota Highlander 2003 Blue,"₦ 4,200,000","Oyo State, Ibadan",Local Used,169031 km
Hyundai Sonata 2014 Blue,"₦ 10,912,650","Abuja (FCT), Kubwa",Foreign Used,52348 km
Lexus RX 350 2008 Burgandy,"₦ 15,080,000","Edo State, Benin City",Foreign Used,189760 km
Lexus RX 350 2015 Black,"₦ 31,200,000","Lagos State, Ilupeju",Foreign Used,138948 km
Toyota Corolla S 4dr Sedan (1.8L 4cyl 4A) 2011 Black,"₦ 7,875,000","Delta State, Warri",Local Used,266778 km
Toyota Highlander 2008 Silver,"₦ 5,250,000","Lagos State, Mushin",Local Used,336139 km
Volkswagen Tiguan 2011 Black,"₦ 5,565,000","Lagos State, Ojodu",Local Used,204908 km
Toyota Venza XLE 4dr Wagon AWD (3.5L 6cyl 6A) 2014 Gray,"₦ 14,175,000","Lagos State, Magodo",Local Used,388250 km
Rover Land 2014 Black,"₦ 35,700,000","Rivers State, Port-Harcourt",Foreign Used,255424 km
Lexus ES 2014 Silver,"₦ 23,920,000","Rivers State, Port-Harcourt",Foreign Used,311044 km
Toyota Venza 2009 Black,"₦ 12,550,000","Abuja (FCT), Gwarinpa",Local Used,142771 km
BMW 4 Series 2016 Gray,"₦ 26,250,000","Lagos State, Yaba",Local Used,6443 km
Toyota Camry 2016 Blue,"₦ 12,600,000","Lagos State, Ikeja",Local Used,114789 km
Toyota Camry 2024 Black,"₦ 47,250,000","Lagos State, Ikoyi",Foreign Used,24965 km
BMW X3 2007 Silver,"₦ 5,250,000","Oyo State, Ibadan",Local Used,316858 km
Toyota Sienna LE AWD 2005 Silver,"₦ 9,975,000","Lagos State, Ikorodu",Foreign Used,472582 km
Toyota Highlander 2004 Black,"₦ 4,935,000","Kaduna State, Kachia",Local Used,169515 km
Acura MDX Touring 4dr SUV AWD (3.5L 6cyl 5A) 2005 Silver,"₦ 4,160,000","Abuja (FCT), Lugbe District",Local Used,7893 km
Toyota Corolla 2006 Gray,"₦ 5,565,000","Delta State, Oshimili South",Local Used,272565 km
Mercedes-Benz M Class 2012 Gray,"₦ 18,900,000","Edo State, Benin City",Local Used,198775 km
Lexus RX 350 2014 Gray,"₦ 29,120,000","Abuja (FCT), Lugbe District",Foreign Used,245514 km
Toyota Venza 2010 Black,"₦ 12,688,000","Abuja (FCT), Wuse",Local Used,117579 km
Honda Accord 2014 Blue,"₦ 11,550,000","Abuja (FCT), Jabi",Local Used,204329 km
Toyota Sienna 2006 Gold,"₦ 6,300,000","Oyo State, Ibadan",Local Used,352636 km
Toyota Camry 2012 Green,"₦ 11,440,000","Lagos State, Alimosho",Local Used,160130 km
Toyota Camry 2009 Beige,"₦ 6,720,000","Kaduna State, Kachia",Local Used,150251 km
Toyota Highlander 2010 Black,"₦ 13,125,000","Lagos State, Mushin",Foreign Used,98654 km
Toyota Sienna 2004 Gold,"₦ 6,240,000","Delta State, Warri",Local Used,188488 km
Honda CR-V 2018 Black,"₦ 26,000,000","Lagos State, Ikeja",Local Used,45167 km
Lexus RX 300 2001 White,"₦ 5,250,000","Lagos State, Ikeja",Local Used,287579 km
Kia Sorento 2003 Black,"₦ 4,200,000","Abuja (FCT), Gwarinpa",Local Used,228327 km
Lexus IS 2008 Black,"₦ 7,140,000","Lagos State, Lekki",Local Used,225074 km
Toyota Sienna 2005 Blue,"₦ 9,450,000","Lagos State, Lekki",Foreign Used,412148 km
Mercedes-Benz C300 2012 Black,"₦ 15,600,000","Abuja (FCT), Gwarinpa",Foreign Used,61587 km
Toyota Corolla 2011 Black,"₦ 6,027,000","Lagos State, Lekki",Local Used,134525 km
Lexus ES 2005 Silver,"₦ 8,400,000","Lagos State, Ojodu",Foreign Used,298669 km
Hyundai Elantra 2015 Black,"₦ 12,316,500","Lagos State, Ogba",Foreign Used,90970 km
Toyota Sequoia 2015 Black,"₦ 29,190,000","Lagos State, Amuwo-Odofin",Foreign Used,136243 km
Acura RDX 2014 Gray,"₦ 14,700,000","Lagos State, Ilupeju",Foreign Used,194652 km
Mitsubishi L200 Single Cab 2.5 TD 4WD 2010 White,"₦ 12,600,000","Rivers State, Port-Harcourt",Local Used,33865 km
Toyota Corolla 2014 Gray,"₦ 13,650,000","Ogun State, Abeokuta North",Local Used,231550 km
Toyota Highlander 2017 White,"₦ 36,400,000","Oyo State, Ibadan",Foreign Used,226815 km
Mercedes-Benz GLS-Class 2020 Brown,"₦ 105,000,000","Abuja (FCT), Garki 2",Local Used,294671 km
Hyundai Sonata 2019 White,"₦ 19,950,000","Lagos State, Ikeja",Foreign Used,152777 km
Hyundai Santa Fe 2016 Silver,"₦ 19,425,000","Lagos State, Alimosho",Foreign Used,89859 km
Nissan Versa 2013 Silver,"₦ 10,206,000","Lagos State, Isolo",Foreign Used,113903 km
Hyundai Sonata 2013 Gray,"₦ 10,710,000","Lagos State, Ojodu",Foreign Used,174911 km
Toyota Sienna CE FWD 2007 Silver,"₦ 9,505,125","Imo State, Owerri",Foreign Used,445511 km
Toyota Land Cruiser Prado 2014 Black,"₦ 36,750,000","Lagos State, Ajah",Local Used,248155 km
Mercedes-Benz C300 2012 Gray,"₦ 15,080,000","Lagos State, Ikeja",Foreign Used,158249 km
Lexus RX 350 2010 Blue,"₦ 15,225,000","Delta State, Oshimili South",Local Used,333769 km
Toyota Corolla 2012 Black,"₦ 8,840,000","Delta State, Oshimili South",Local Used,161596 km
BMW X3 2006 Silver,"₦ 5,250,000","Abuja (FCT), Lugbe District",Local Used,377985 km
Lexus RX 350 2011 Red,"₦ 15,750,000","Ogun State, Abeokuta North",Local Used,175030 km
Honda CR-V 2014 Red,"₦ 18,200,000","Rivers State, Port-Harcourt",Foreign Used,233112 km
Lexus RX 350 2010 Blue,"₦ 17,680,000","Abia State, Aba North",Local Used,333524 km
Toyota Highlander Base FWD 2004 Black,"₦ 5,720,000","Akwa Ibom State, Uyo",Local Used,5492 km
Toyota Highlander 2019 White,"₦ 38,325,000","Abia State, Umuahia",Foreign Used,108625 km
Ford Edge 2010 Red,"₦ 4,439,400","Abuja (FCT), Lugbe District",Local Used,217442 km
Hyundai Sonata 2016 Silver,"₦ 13,965,000","Lagos State, Yaba",Foreign Used,100924 km
Mercedes-Benz GLK-Class 2010 Gold,"₦ 16,800,000","Edo State, Benin City",Foreign Used,153525 km
Lexus GX 460 Luxury 2015 Black,"₦ 36,750,000","Lagos State, Lekki",Local Used,60627 km
Mercedes-Benz M Class 2009 Black,"₦ 8,528,000","Abuja (FCT), Garki 2",Local Used,261768 km
Nissan X-Trail 2005 Black,"₦ 4,200,000","Lagos State, Amuwo-Odofin",Local Used,253434 km
Toyota Corolla 2009 Black,"₦ 6,825,000","Lagos State, Alimosho",Local Used,131531 km
Toyota Corolla 2011 Black,"₦ 6,720,000","Lagos State, Lekki",Local Used,79055 km
Mercedes-Benz C300 2010 Gray,"₦ 6,825,000","Lagos State, Abule Egba",Local Used,269641 km
Toyota Sienna 2005 Blue,"₦ 9,450,000","Lagos State, Lekki",Foreign Used,412148 km
Nissan Rogue 2012 Silver,"₦ 12,480,000","Lagos State, Ikeja",Foreign Used,217909 km
Toyota Matrix 2004 Red,"₦ 4,680,000","Ogun State, Abeokuta North",Local Used,285513 km
Toyota Venza 2013 Gray,"₦ 12,316,500","Lagos State, Isolo",Local Used,134731 km
Mercedes-Benz B-Class 2011 Red,"₦ 15,750,000","Lagos State, Kosofe",Foreign Used,159972 km
Toyota Camry 2022 Purple,"₦ 42,640,000","Abuja (FCT), Wuse",Foreign Used,143541 km
Nissan Sentra S 4dr Sedan (1.8L 4cyl CVT) 2015 Silver,"₦ 9,975,000","Lagos State, Magodo",Foreign Used,211818 km
Kia Sportage 2023 Gray,"₦ 78,435,000","Lagos State, Amuwo-Odofin",Foreign Used,16211 km
Toyota Highlander 2013 Black,"₦ 18,900,000","Lagos State, Ikeja",Foreign Used,120848 km
Toyota Venza 2012 White,"₦ 13,050,000","Rivers State, Port-Harcourt",Local Used,236443 km
Ford Escape 2013 Black,"₦ 10,626,000","Lagos State, Lekki",Foreign Used,136042 km
Honda Accord 2016 Gold,"₦ 14,700,000","Abuja (FCT), Gwarinpa",Local Used,220935 km
Lexus RX 2004 Blue,"₦ 12,600,000","Rivers State, Port-Harcourt",Foreign Used,309886 km
Honda Crosstour 2013 Gray,"₦ 12,600,000","Ogun State, Abeokuta North",Foreign Used,252294 km
Lexus ES 2008 Gray,"₦ 7,140,000","Rivers State, Port-Harcourt",Local Used,141435 km
Toyota Corolla 2015 White,"₦ 11,960,000","Oyo State, Ibadan",Local Used,268165 km
Wuling Hongguang S 2017 White,"₦ 15,750,000","Kano State, Gwale",Foreign Used,54533 km
Toyota Sienna 2012 Gray,"₦ 13,125,000","Lagos State, Surulere",Foreign Used,152467 km
Mercedes-Benz GL-Class 2016 White,"₦ 16,800,000","Oyo State, Ibadan",Foreign Used,96380 km
Toyota Highlander 2016 Gray,"₦ 21,063,000","Lagos State, Ilupeju",Local Used,123665 km
Toyota Venza 2009 Silver,"₦ 18,720,000","Lagos State, Isolo",Foreign Used,205487 km
Lexus RX 2005 Silver,"₦ 7,140,000","Imo State, Owerri",Local Used,27564 km
Toyota Camry 2003 Silver,"₦ 3,885,000","Oyo State, Ibadan",Local Used,266765 km
Honda Pilot 2008 Gray,"₦ 5,250,000","Lagos State, Isolo",Local Used,150535 km
Toyota Camry 2011 Silver,"₦ 12,168,000","Oyo State, Ibadan",Foreign Used,272706 km
Toyota Corolla 2005 Silver,"₦ 9,568,000","Lagos State, Ojodu",Foreign Used,200893 km
Toyota Camry 2013 Red,"₦ 10,710,000","Lagos State, Alimosho",Local Used,278958 km
Toyota Corolla 2014 Black,"₦ 11,500,000","Oyo State, Ibadan",Local Used,164045 km
Toyota Corolla 2009 Black,"₦ 7,350,000","Abuja (FCT), Jabi",Local Used,306399 km
Toyota Camry 2012 Black,"₦ 10,608,000","Enugu State, Enugu",Local Used,267663 km
Toyota Matrix 2003 Black,"₦ 3,990,000","Lagos State, Ogudu",Local Used,269808 km
Toyota Camry 2010 Blue,"₦ 11,025,000","Lagos State, Ikorodu",Foreign Used,1523414 km
Honda Accord EX Automatic 2009 Black,"₦ 5,356,000","Lagos State, Magodo",Local Used,374215 km
Volkswagen Passat 2008 Silver,"₦ 5,250,000","Lagos State, Surulere",Local Used,96983 km
Hyundai Sonata 2016 Red,"₦ 13,440,000","Lagos State, Ikeja",Foreign Used,208414 km
Hyundai Sonata 2015 Blue,"₦ 13,650,000","Lagos State, Yaba",Foreign Used,173618 km
Toyota Highlander XLE AWD 2020 Black,"₦ 57,750,000","Oyo State, Ibadan",Foreign Used,95335 km
Toyota Sienna LE FWD 2006 Silver,"₦ 11,000,000","Imo State, Owerri",Foreign Used,332407 km
Toyota Sienna LE FWD 2006 Silver,"₦ 11,000,000","Imo State, Owerri",Foreign Used,332407 km
Mercedes-Benz GLE-Class 2016 Silver,"₦ 36,400,000","Enugu State, Enugu",Local Used,121564 km
Toyota Sienna 2011 Gray,"₦ 11,500,000","Ondo State, Akure",Local Used,395414 km
Hyundai Tucson 2019 Red,"₦ 27,040,000","Abuja (FCT), Lugbe District",Foreign Used,165247 km
Lexus ES 2006 Black,"₦ 5,292,000","Lagos State, Alimosho",Local Used,238050 km
Toyota Avalon 2013 Silver,"₦ 13,312,000","Lagos State, Kosofe",Local Used,175325 km
Toyota Highlander 2018 Gray,"₦ 41,600,000","Lagos State, Ogba",Foreign Used,172220 km
Toyota Camry 2007 Black,"₦ 5,985,000","Rivers State, Port-Harcourt",Local Used,15411 km
Lexus GX 470 2004 Beige,"₦ 7,980,000","Lagos State, Ogba",Local Used,302054 km
Toyota Camry 2010 Gray,"₦ 8,320,000","Lagos State, Alimosho",Local Used,136840 km
Toyota Corolla 2003 Blue,"₦ 4,410,000","Oyo State, Ibadan",Local Used,210672 km
Toyota Highlander 2003 Red,"₦ 6,032,000","Oyo State, Ibadan",Local Used,216112 km
Toyota Camry 2011 Blue,"₦ 6,405,000","Lagos State, Mushin",Local Used,148530 km
Toyota Corolla 2004 Silver,"₦ 8,400,000","Ogun State, Abeokuta North",Foreign Used,140401 km
Ford Explorer 2012 Red,"₦ 16,640,000","Abuja (FCT), Jabi",Foreign Used,152367 km
Toyota Camry 2011 Silver,"₦ 7,800,000","Oyo State, Ibadan",Local Used,229813 km
Toyota Camry 2004 White,"₦ 4,680,000","Lagos State, Alimosho",Local Used,388662 km
Toyota Camry 2007 Black,"₦ 5,985,000","Rivers State, Port-Harcourt",Local Used,15411 km
Toyota Highlander 2021 Black,"₦ 72,800,000","Abuja (FCT), Jabi",Foreign Used,150256 km
Mercedes-Benz GLB-Class 2020 Silver,"₦ 52,500,000","Lagos State, Ikeja",Foreign Used,195729 km
Toyota Sienna 2012 Gray,"₦ 16,800,000","Edo State, Benin City",Foreign Used,297906 km
Lexus GX 460 Luxury 2014 Gray,"₦ 35,360,000","Lagos State, Magodo",Local Used,120019 km
Toyota Camry 2011 Green,"₦ 11,960,000","Lagos State, Surulere",Foreign Used,136760 km
Nissan Pathfinder 2014 Blue,"₦ 13,650,000","Lagos State, Lekki",Foreign Used,145957 km
Mercedes-Benz GLE-Class GLE 350 2020 Silver,"₦ 78,015,000","Lagos State, Lekki",Foreign Used,134601 km
Toyota Corolla 2015 Red,"₦ 12,480,000","Lagos State, Lekki",Local Used,175435 km
Toyota Camry 2009 Gray,"₦ 9,371,250","Lagos State, Yaba",Foreign Used,422638 km
Kia Sportage 2023 Black,"₦ 57,750,000","Lagos State, Amuwo-Odofin",Foreign Used,7041 km
Toyota Highlander 2014 Gold,"₦ 27,825,000","Edo State, Benin City",Foreign Used,141331 km
Toyota Corolla 2007 Gray,"₦ 4,830,000","Abuja (FCT), Lugbe District",Local Used,90176 km
Toyota Corolla 2007 Gray,"₦ 4,830,000","Abuja (FCT), Lugbe District",Local Used,90176 km
Toyota Avalon 2014 Burgandy,"₦ 14,560,000","Oyo State, Ibadan",Local Used,178588 km
Toyota Corolla 2005 Blue,"₦ 5,250,000","Ogun State, Abeokuta North",Local Used,227039 km
Toyota Corolla 2015 Silver,"₦ 16,640,000","Oyo State, Ibadan",Foreign Used,300613 km
Kia Optima 2012 Red,"₦ 8,008,000","Lagos State, Isolo",Local Used,184815 km
Toyota Camry 2012 Blue,"₦ 11,440,000","Lagos State, Ikeja",Local Used,118261 km
Toyota Corolla 2015 Gray,"₦ 11,440,000","Abuja (FCT), Kubwa",Local Used,232741 km
Toyota Highlander 2018 Black,"₦ 36,750,000","Lagos State, Lekki",Foreign Used,154736 km
BMW 530i 2017 White,"₦ 33,600,000","Abuja (FCT), Garki 2",Foreign Used,529062 km
Toyota Sienna CE FWD (3.3L V6 5A) 2004 Gold,"₦ 7,800,000","Rivers State, Port-Harcourt",Local Used,38179 km
Toyota Venza V6 AWD 2012 Black,"₦ 14,560,000","Lagos State, Ajah",Local Used,153320 km
Hyundai Sonata 2018 White,"₦ 22,575,000","Rivers State, Port-Harcourt",Foreign Used,46831 km
Honda Ridgeline RT 4x4 Crew Cab 122 in. WB 2007 Gray,"₦ 13,520,000","Lagos State, Ikorodu",Local Used,185083 km
Toyota Corolla 2007 Silver,"₦ 9,880,000","Lagos State, Amuwo-Odofin",Foreign Used,164441 km
Toyota Camry 2017 Black,"₦ 12,600,000","Abia State, Aba North",Foreign Used,183881 km
Nissan X-Trail 2.5 4x4 2006 Black,"₦ 3,990,000","Lagos State, Ikorodu",Local Used,294707 km
Ford Explorer 2015 White,"₦ 22,880,000","Abuja (FCT), Jabi",Foreign Used,216595 km
Hyundai Sonata Base Sedan FWD (2.4L 4cyl 6A) 2017 Silver,"₦ 15,540,000","Rivers State, Port-Harcourt",Foreign Used,262406 km
Lexus RX 350 2014 Silver,"₦ 29,640,000","Lagos State, Amuwo-Odofin",Foreign Used,244254 km
Lexus RX 350 2010 Blue,"₦ 15,912,000","Lagos State, Magodo",Local Used,268719 km
Hyundai Sonata 2013 Gray,"₦ 10,710,000","Lagos State, Ojodu",Foreign Used,483632 km
Toyota Camry 2021 Blue,"₦ 34,650,000","Lagos State, Kosofe",Foreign Used,102326 km
Toyota Highlander 2016 Black,"₦ 33,280,000","Lagos State, Ilupeju",Foreign Used,270004 km
Lexus RX 350 2008 White,"₦ 12,285,000","Lagos State, Mushin",Foreign Used,310850 km
Toyota Sienna 2011 Burgandy,"₦ 14,904,750","Lagos State, Ogba",Foreign Used,157749 km
Toyota Camry SE 4dr Sedan (2.5L 4cyl 6A) 2014 Gray,"₦ 11,960,000","Abuja (FCT), Lugbe District",Local Used,59933 km
Toyota Matrix 2003 Blue,"₦ 4,410,000","Oyo State, Ibadan",Local Used,205188 km
Land Rover Range Rover 3.0L Supercharged 2014 Black,"₦ 17,850,000","Imo State, Owerri",Foreign Used,248263 km
Land Rover Lr3 2006 Beige,"₦ 7,875,000","Lagos State, Yaba",Local Used,332544 km
Hyundai Tucson 2016 Gray,"₦ 23,920,000","Abuja (FCT), Lugbe District",Foreign Used,160101 km
Land Rover Lr3 2006 Beige,"₦ 7,875,000","Lagos State, Yaba",Local Used,332544 km
Hyundai Sonata 2015 Black,"₦ 11,025,000","Lagos State, Alimosho",Foreign Used,148910 km
Toyota Sienna 2012 Burgandy,"₦ 9,975,000","Lagos State, Mushin",Local Used,155547 km
Toyota Camry 2017 Silver,"₦ 18,512,000","Lagos State, Kosofe",Foreign Used,88599 km
Lexus RX 330 2003 Blue,"₦ 5,775,000","Lagos State, Ikeja",Local Used,193542 km
Toyota Corolla 2013 Black,"₦ 13,312,000","Lagos State, Kosofe",Foreign Used,147319 km
Honda Accord 2009 Gray,"₦ 5,720,000","Abuja (FCT), Kubwa",Local Used,204785 km
Mercedes-Benz E350 2008 Silver,"₦ 5,250,000","Edo State, Benin City",Local Used,144000 km
Toyota Corolla 2003 Blue,"₦ 4,725,000","Lagos State, Ogudu",Local Used,257609 km
Hyundai Sonata 2015 Silver,"₦ 13,650,000","Lagos State, Yaba",Foreign Used,313592 km
Land Rover Range Rover Velar 2018 Black,"₦ 52,500,000","Lagos State, Lekki",Foreign Used,82206 km
Lexus RX 350 2007 Gold,"₦ 13,860,000","Lagos State, Isolo",Foreign Used,232077 km
Lexus RX 330 2004 Blue,"₦ 13,000,000","Oyo State, Ibadan",Foreign Used,229489 km
Hyundai Sonata 2018 Blue,"₦ 16,600,500","Abuja (FCT), Gwarinpa",Foreign Used,140995 km
Toyota Sienna 2011 Red,"₦ 15,105,562","Lagos State, Abule Egba",Foreign Used,238734 km
Toyota Yaris 2009 Gray,"₦ 10,500,000","Lagos State, Kosofe",Foreign Used,107766 km
Toyota Corolla 2004 Gray,"₦ 4,700,000","Lagos State, Ikeja",Local Used,299999 km
Toyota Sienna 2011 Gray,"₦ 11,235,000","Lagos State, Ogba",Foreign Used,538074 km
Lexus RX 350 2016 Gold,"₦ 47,840,000","Lagos State, Ikeja",Foreign Used,64258 km
Toyota Avalon XLE Premium 4dr Sedan (3.5L 6cyl 6A) 2015 White,"₦ 24,440,000","Abuja (FCT), Lugbe District",Foreign Used,135820 km
Toyota Camry 2010 Black,"₦ 11,500,000","Oyo State, Ibadan",Foreign Used,383502 km
Lexus IS 2006 Blue,"₦ 7,350,000","Enugu State, Enugu",Local Used,145210 km
Hyundai Sonata Limited Sedan FWD (2.4L 4cyl 6A) 2013 Silver,"₦ 10,416,000","Lagos State, Lekki",Foreign Used,258682 km
Toyota Avensis 2.0 D Wagon 2003 Blue,"₦ 5,775,000","Ondo State, Akure",Local Used,427036 km
Toyota Corolla 2017 White,"₦ 18,200,000","Lagos State, Amuwo-Odofin",Foreign Used,135213 km
Toyota Venza 2013 Burgandy,"₦ 17,850,000","Lagos State, Isolo",Foreign Used,223436 km
Toyota Sienna 2008 Black,"₦ 13,520,000","Lagos State, Ikeja",Foreign Used,421928 km
Toyota Highlander 2008 Red,"₦ 14,175,000","Lagos State, Ikeja",Foreign Used,478562 km
Honda Accord 2006 Blue,"₦ 3,848,000","Abuja (FCT), Jabi",Local Used,351070 km
Volkswagen Jetta 2013 Gray,"₦ 9,030,000","Lagos State, Amuwo-Odofin",Foreign Used,305459 km
